case_number,full_name,date_of_birth,home_address,ssn,last_utility_bill_address,drivers_license_number,applicant_notes,reason_flagged,risk_level,city,created_at,status,assigned_analyst,approvable
KYC-1000,Lucia Moreau,1963-12-20,"6474 Juniper Ct, Las Vegas, NV 87216",670-91-1213,"6474 Juniper Ct, Las Vegas, NV 87216",NV-3267714,Transliteration difference between the applicant's passport (Aleksandr) and their US documents (Alexander); both documents share the same DOB and SSN.,identity mismatch,medium,Las Vegas,2026-05-28T00:21:35.833Z,pending_review,Daniel,1
KYC-1001,Camila Silva,1957-01-07,"9627 Sunset Blvd, Dallas, TX 65415",787-19-2964,"7514 Sunset Blvd, Dallas, TX 31438",TX-2590939,"Applicant is a university student living on campus, so the license reflects the family home address; dorm housing letter confirms the current address.",address mismatch,medium,Dallas,2026-04-22T00:21:34.833Z,approved,Patrick,1
KYC-1002,Mira Kirkland,1960-07-18,"7069 Kingston Pl, Chicago, IL 71575",171-06-1387,"7069 Kingston Pl, Chicago, IL 71575",IL-8740258,License had expired eight days before submission; applicant supplied the DMV renewal receipt and the newly issued license.,document issues,medium,Chicago,2026-06-29T00:21:33.833Z,pending_review,Florence,1
KYC-1003,Cole Delgado,1973-07-03,"5918 Juniper Ct, Louisville, KY 61572",113-40-4331,"5918 Juniper Ct, Louisville, KY 61572",KY-6993213,"Watchlist hit is a false positive on a common surname; the listed individual has a different DOB and nationality, confirmed against the applicant's passport.",sanctions watchlist,medium,Louisville,2026-05-15T00:21:32.833Z,approved,Daniel,1
KYC-1004,Hana Silva,1989-08-28,"7108 Franklin St, Pittsburgh, PA 51465",506-69-8603,"7108 Franklin St, Pittsburgh, PA 51465",PA-3620485,Duplicate created when the applicant's browser session timed out and they resubmitted; the earlier record was abandoned with no documents attached.,duplicate request,medium,Pittsburgh,2026-05-26T00:21:31.833Z,approved,Florence,1
KYC-1005,Noor Novak,1998-10-11,"6354 Ridgeway Ter, Memphis, TN 51127",281-41-3959,"6354 Ridgeway Ter, Memphis, TN 51127",TN-1283907,Name on the application is the applicant's married name; the government ID still shows the maiden name and a certified marriage certificate was uploaded.,identity mismatch,medium,Memphis,2026-07-12T00:21:30.833Z,docs_requested,Florence,1
KYC-1006,Nolan Yamada,1957-07-09,"7501 Birch Rd, Philadelphia, PA 41253",368-77-3124,"8782 Harborview Way, Philadelphia, PA 71622",PA-2502446,Mismatch caused by a USPS apartment-unit formatting difference (Apt 4B vs #4B); both documents describe the same residence.,address mismatch,medium,Philadelphia,2026-05-08T00:21:29.833Z,pending_review,Patrick,1
KYC-1007,Owen Abbas,1961-02-21,"7661 Oak Ave, San Diego, CA 30736",161-13-6552,"7661 Oak Ave, San Diego, CA 30736",CA-7430263,Document issues due to a legal name change after marriage; supporting court order and updated Social Security card were provided.,document issues,medium,San Diego,2026-06-08T00:21:28.833Z,pending_review,Daniel,1
KYC-1008,Maren Brennan,1961-07-08,"2088 Maple St, Indianapolis, IN 90784",363-29-1635,"2088 Maple St, Indianapolis, IN 90784",IN-6097074,Screening matched a politically exposed person with the same name in another country; the applicant is a US-born resident with an unrelated DOB and SSN.,sanctions watchlist,medium,Indianapolis,2026-05-08T00:21:27.833Z,pending_review,Patrick,1
KYC-1009,Nia Osei,1958-08-02,"6411 Maple St, New Orleans, LA 34272",529-94-0440,"6411 Maple St, New Orleans, LA 34272",LA-9466220,Applicant re-applied after their first application was auto-closed for inactivity; documents on the new record are current.,duplicate request,high,New Orleans,2026-06-21T00:21:26.833Z,pending_review,Florence,1
KYC-1010,Talia Silva,1998-05-10,"7249 Maple St, Cleveland, OH 23854",160-56-8484,"7249 Maple St, Cleveland, OH 23854",OH-4862759,"Applicant is a junior with the same name as their father, which triggered the mismatch; DOB and SSN on the submitted ID confirm the correct individual.",identity mismatch,high,Cleveland,2026-07-05T00:21:25.833Z,pending_review,Florence,1
KYC-1011,Aisha Kaur,1987-01-12,"8695 Oak Ave, Milwaukee, WI 15987",833-75-2253,"8664 Cedar Ln, Las Vegas, NV 85097",WI-5396746,Mismatch caused by a USPS apartment-unit formatting difference (Apt 4B vs #4B); both documents describe the same residence.,address mismatch,medium,Milwaukee,2026-04-14T00:21:24.833Z,pending_review,Patrick,1
KYC-1012,Hana Farrow,1955-07-15,"6930 Birch Rd, Denver, CO 66183",407-29-2598,"6930 Birch Rd, Denver, CO 66183",CO-1869569,Applicant's utility bill was a paperless PDF without a visible letterhead; the issuer confirmed authenticity via a stamped duplicate statement.,document issues,medium,Denver,2026-07-14T00:21:23.833Z,pending_review,Florence,1
KYC-1013,Cole Alvarez,1968-08-19,"8923 Mill Creek Rd, Charlotte, NC 17407",526-33-6348,"8923 Mill Creek Rd, Charlotte, NC 17407",NC-8900307,Prior alert on this applicant was cleared by compliance last quarter; the same false-positive hit re-fired after a list refresh.,sanctions watchlist,medium,Charlotte,2026-06-27T00:21:22.833Z,pending_review,Daniel,1
KYC-1014,Emeka Chandler,1997-06-12,"4538 Sunset Blvd, Albuquerque, NM 66482",327-16-9280,"4538 Sunset Blvd, Albuquerque, NM 66482",NM-5482227,Duplicate created when the applicant's browser session timed out and they resubmitted; the earlier record was abandoned with no documents attached.,duplicate request,high,Albuquerque,2026-04-25T00:21:21.833Z,pending_review,Florence,1
KYC-1015,Elena Alvarez,1963-09-02,"1873 Juniper Ct, Chicago, IL 84129",774-69-6588,"1873 Juniper Ct, Chicago, IL 84129",IL-5901413,"Applicant is a junior with the same name as their father, which triggered the mismatch; DOB and SSN on the submitted ID confirm the correct individual.",identity mismatch,medium,Chicago,2026-06-21T00:21:20.833Z,docs_requested,Florence,1
KYC-1016,Felix Alvarez,1984-03-15,"517 Harborview Way, Albuquerque, NM 21896",888-57-7149,"6944 Franklin St, Des Moines, IA 48241",NM-4722287,"Applicant is a university student living on campus, so the license reflects the family home address; dorm housing letter confirms the current address.",address mismatch,medium,Albuquerque,2026-05-23T00:21:19.833Z,pending_review,Florence,1
KYC-1017,Nolan Farrow,1963-01-28,"1454 Oak Ave, Fresno, CA 12819",275-30-8064,"7735 Juniper Ct, Phoenix, AZ 43064",CA-8626747,License had expired eight days before submission; applicant supplied the DMV renewal receipt and the newly issued license.,document issues,medium,Fresno,2026-07-02T00:21:18.833Z,pending_review,Daniel,1
KYC-1018,Devon Nguyen,1993-06-10,"1381 Kingston Pl, Albuquerque, NM 95017",234-56-4759,"1381 Kingston Pl, Albuquerque, NM 95017",NM-7449662,Screening matched a politically exposed person with the same name in another country; the applicant is a US-born resident with an unrelated DOB and SSN.,sanctions watchlist,medium,Albuquerque,2026-06-24T00:21:17.833Z,pending_review,Patrick,1
KYC-1019,Isaac Ferreira,1968-08-25,"4229 Maple St, Nashville, TN 31163",317-43-2850,"4229 Maple St, Nashville, TN 31163",TN-6229360,Duplicate created when the applicant's browser session timed out and they resubmitted; the earlier record was abandoned with no documents attached.,duplicate request,medium,Nashville,2026-05-31T00:21:16.833Z,pending_review,Daniel,1
KYC-1020,Aisha Alvarez,1989-05-10,"8679 Maple St, Omaha, NE 40160",254-36-8680,"8679 Maple St, Omaha, NE 40160",NE-5104220,"Applicant is a junior with the same name as their father, which triggered the mismatch; DOB and SSN on the submitted ID confirm the correct individual.",identity mismatch,medium,Omaha,2026-07-23T00:21:15.833Z,pending_review,Patrick,1
KYC-1021,Dante Silva,1969-01-24,"5114 Birch Rd, Baltimore, MD 23502",406-81-4498,"1518 Chestnut Ave, Tucson, AZ 32706",MD-6339394,"Applicant is a university student living on campus, so the license reflects the family home address; dorm housing letter confirms the current address.",address mismatch,medium,Baltimore,2026-04-28T00:21:14.833Z,approved,Daniel,1
KYC-1022,Aisha Brennan,1999-09-02,"5003 Kingston Pl, Raleigh, NC 27893",476-49-6342,"5003 Kingston Pl, Raleigh, NC 27893",NC-2315065,The uploaded license image was cut off on the first attempt; a clear re-upload of both sides is on file and all fields are legible.,document issues,medium,Raleigh,2026-04-13T00:21:13.833Z,approved,Patrick,1
KYC-1023,Grant Abbas,1985-07-02,"6890 Cedar Ln, Las Vegas, NV 68526",531-30-3214,"6890 Cedar Ln, Las Vegas, NV 68526",NV-7087472,Fuzzy-match alert triggered at 78% similarity on a transliterated name; manual review against the sanctions record shows no shared identifiers.,sanctions watchlist,medium,Las Vegas,2026-06-06T00:21:12.833Z,pending_review,Daniel,1
KYC-1024,Dante Kaur,1965-03-10,"6352 Birch Rd, Denver, CO 12161",498-33-8042,"6352 Birch Rd, Denver, CO 12161",CO-9290521,Duplicate resulted from our retry logic double-posting the onboarding form; both records share identical PII and a single applicant.,duplicate request,medium,Denver,2026-05-04T00:21:11.833Z,pending_review,Florence,1
KYC-1025,Jordan Alvarez,1972-10-25,"7678 Cedar Ln, Tucson, AZ 97089",705-96-8304,"7678 Cedar Ln, Tucson, AZ 97089",AZ-2155058,Name on the application is the applicant's married name; the government ID still shows the maiden name and a certified marriage certificate was uploaded.,identity mismatch,medium,Tucson,2026-05-29T00:21:10.833Z,docs_requested,Daniel,1
KYC-1026,Ruth Haddad,1956-11-18,"3363 Lakeview Dr, Oklahoma City, OK 75131",319-01-5335,"1581 Oak Ave, Jacksonville, FL 75634",OK-2285829,Mismatch caused by a USPS apartment-unit formatting difference (Apt 4B vs #4B); both documents describe the same residence.,address mismatch,medium,Oklahoma City,2026-04-22T00:21:09.833Z,pending_review,Florence,1
KYC-1027,Ruth Okafor,1998-06-20,"4877 Cedar Ln, Jacksonville, FL 38742",842-01-8949,"4877 Cedar Ln, Jacksonville, FL 38742",FL-1060690,The uploaded license image was cut off on the first attempt; a clear re-upload of both sides is on file and all fields are legible.,document issues,medium,Jacksonville,2026-04-30T00:21:08.833Z,pending_review,Daniel,1
KYC-1028,Tomas Haddad,1989-08-25,"2150 Mill Creek Rd, Columbus, OH 21354",579-27-9866,"2150 Mill Creek Rd, Columbus, OH 21354",OH-4290412,Fuzzy-match alert triggered at 78% similarity on a transliterated name; manual review against the sanctions record shows no shared identifiers.,sanctions watchlist,medium,Columbus,2026-05-16T00:21:07.833Z,pending_review,Florence,1
KYC-1029,Marcus Kaur,1967-07-14,"9015 Mill Creek Rd, Charlotte, NC 19193",477-86-5889,"9015 Mill Creek Rd, Charlotte, NC 19193",NC-3876852,Applicant re-applied after their first application was auto-closed for inactivity; documents on the new record are current.,duplicate request,medium,Charlotte,2026-06-01T00:21:06.833Z,pending_review,Florence,1
KYC-1030,Hana Nguyen,1967-11-06,"2656 Willowbrook Dr, New York, NY 98759",196-60-5452,"7203 Maple St, Austin, TX 90550",NY-2950323,Transliteration difference between the applicant's passport (Aleksandr) and their US documents (Alexander); both documents share the same DOB and SSN.,identity mismatch,medium,New York,2026-07-18T00:21:05.833Z,approved,Florence,1
KYC-1031,Ingrid Kaur,1997-06-21,"8485 Willowbrook Dr, Boise, ID 96484",425-95-0226,"303 Franklin St, Memphis, TN 55944",ID-4980248,Applicant relocated for a job transfer and the utility account was opened in the same week; employer relocation letter and new utility bill both match the application.,address mismatch,high,Boise,2026-05-30T00:21:04.833Z,pending_review,Florence,1
KYC-1032,Alice Ramirez,1986-04-01,"1473 Birch Rd, Albuquerque, NM 92031",258-19-6264,"2878 Maple St, Boston, MA 54419",NM-2787231,The uploaded license image was cut off on the first attempt; a clear re-upload of both sides is on file and all fields are legible.,document issues,high,Albuquerque,2026-04-27T00:21:03.833Z,pending_review,Florence,1
KYC-1033,Noor Ferreira,1963-11-03,"5173 Harborview Way, Miami, FL 52816",299-09-7983,"7893 Harborview Way, San Jose, CA 73695",FL-1618474,Prior alert on this applicant was cleared by compliance last quarter; the same false-positive hit re-fired after a list refresh.,sanctions watchlist,medium,Miami,2026-06-30T00:21:02.833Z,pending_review,Florence,1
KYC-1034,Alice Mbeki,1984-10-07,"1843 Harborview Way, Tucson, AZ 97798",645-73-2856,"1843 Harborview Way, Tucson, AZ 97798",AZ-1799864,Duplicate created when the applicant's browser session timed out and they resubmitted; the earlier record was abandoned with no documents attached.,duplicate request,medium,Tucson,2026-05-05T00:21:01.833Z,pending_review,Florence,1
KYC-1035,Hana Ellison,1963-03-22,"730 Oak Ave, Denver, CO 91467",484-32-6897,"8218 Prospect Ave, Phoenix, AZ 85168",CO-9617013,Transliteration difference between the applicant's passport (Aleksandr) and their US documents (Alexander); both documents share the same DOB and SSN.,identity mismatch,medium,Denver,2026-05-20T00:21:00.833Z,pending_review,Patrick,1
KYC-1036,Hana Mbeki,1968-12-15,"136 Lakeview Dr, Memphis, TN 84962",517-48-1918,"885 Maple St, Memphis, TN 32586",TN-8641223,"Applicant is a university student living on campus, so the license reflects the family home address; dorm housing letter confirms the current address.",address mismatch,medium,Memphis,2026-07-18T00:20:59.833Z,pending_review,Daniel,1
KYC-1037,Dante Kirkland,1989-08-17,"9351 Mill Creek Rd, Albuquerque, NM 21207",325-24-6651,"9351 Mill Creek Rd, Albuquerque, NM 21207",NM-7759418,The uploaded license image was cut off on the first attempt; a clear re-upload of both sides is on file and all fields are legible.,document issues,medium,Albuquerque,2026-04-27T00:20:58.833Z,pending_review,Patrick,1
KYC-1038,Rashid Yamada,1974-03-26,"6060 Cedar Ln, Omaha, NE 10531",275-52-4522,"6060 Cedar Ln, Omaha, NE 10531",NE-5900366,Prior alert on this applicant was cleared by compliance last quarter; the same false-positive hit re-fired after a list refresh.,sanctions watchlist,medium,Omaha,2026-07-11T00:20:57.833Z,pending_review,Patrick,1
KYC-1039,Tomas Kirkland,1959-01-03,"198 Juniper Ct, Portland, OR 91091",335-37-4939,"198 Juniper Ct, Portland, OR 91091",OR-4166061,Duplicate resulted from our retry logic double-posting the onboarding form; both records share identical PII and a single applicant.,duplicate request,medium,Portland,2026-04-19T00:20:56.833Z,pending_review,Daniel,1
KYC-1040,Talia Brennan,1992-04-12,"1282 Franklin St, Mesa, AZ 21806",350-56-7522,"5922 Birch Rd, Kansas City, MO 54772",AZ-4790399,"Applicant is a junior with the same name as their father, which triggered the mismatch; DOB and SSN on the submitted ID confirm the correct individual.",identity mismatch,medium,Mesa,2026-04-17T00:20:55.833Z,approved,Patrick,1
KYC-1041,Nolan Moreau,1991-12-08,"1984 Ridgeway Ter, San Francisco, CA 90593",236-98-5965,"3879 Juniper Ct, Pittsburgh, PA 66308",CA-1243211,"Applicant is a university student living on campus, so the license reflects the family home address; dorm housing letter confirms the current address.",address mismatch,medium,San Francisco,2026-04-06T00:20:54.833Z,approved,Patrick,1
KYC-1042,Maren Silva,1980-08-16,"4930 Prospect Ave, San Diego, CA 93882",457-13-8270,"4930 Prospect Ave, San Diego, CA 93882",CA-1645594,The uploaded license image was cut off on the first attempt; a clear re-upload of both sides is on file and all fields are legible.,document issues,medium,San Diego,2026-06-02T00:20:53.833Z,pending_review,Florence,1
KYC-1043,Alice Kaur,1963-03-26,"323 Mill Creek Rd, Houston, TX 88406",154-17-5555,"1250 Ridgeway Ter, Las Vegas, NV 36617",TX-7125165,Fuzzy-match alert triggered at 78% similarity on a transliterated name; manual review against the sanctions record shows no shared identifiers.,sanctions watchlist,medium,Houston,2026-04-06T00:20:52.833Z,pending_review,Patrick,1
KYC-1044,Priya Kaur,1979-10-15,"8166 Ridgeway Ter, Fresno, CA 87796",242-20-5548,"8166 Ridgeway Ter, Fresno, CA 87796",CA-8102865,Duplicate created when the applicant's browser session timed out and they resubmitted; the earlier record was abandoned with no documents attached.,duplicate request,medium,Fresno,2026-04-15T00:20:51.833Z,pending_review,Florence,1
KYC-1045,Jordan Sokolov,1996-06-27,"3576 Prospect Ave, Minneapolis, MN 66328",782-04-1570,"3576 Prospect Ave, Minneapolis, MN 66328",MN-6018585,Name on the application is the applicant's married name; the government ID still shows the maiden name and a certified marriage certificate was uploaded.,identity mismatch,medium,Minneapolis,2026-07-14T00:20:50.833Z,pending_review,Florence,1
KYC-1046,Noor Barlow,1998-10-11,"3547 Willowbrook Dr, San Jose, CA 37817",836-68-3568,"838 Prospect Ave, Fort Worth, TX 68486",CA-4833060,"Applicant is a university student living on campus, so the license reflects the family home address; dorm housing letter confirms the current address.",address mismatch,high,San Jose,2026-04-25T00:20:49.833Z,pending_review,Florence,1
KYC-1047,Silas Abbas,1965-03-01,"1474 Oak Ave, Sacramento, CA 10229",477-44-2482,"1474 Oak Ave, Sacramento, CA 10229",CA-7883217,License had expired eight days before submission; applicant supplied the DMV renewal receipt and the newly issued license.,document issues,medium,Sacramento,2026-04-30T00:20:48.833Z,pending_review,Daniel,1
KYC-1048,Emeka Lindqvist,1978-02-07,"2270 Franklin St, Cleveland, OH 29501",470-29-7857,"7037 Franklin St, Los Angeles, CA 68289",OH-6688955,Prior alert on this applicant was cleared by compliance last quarter; the same false-positive hit re-fired after a list refresh.,sanctions watchlist,medium,Cleveland,2026-05-27T00:20:47.833Z,approved,Florence,1
KYC-1049,Marcus Osei,1989-07-07,"2286 Mill Creek Rd, Seattle, WA 62396",557-52-4330,"7899 Prospect Ave, Miami, FL 40167",WA-4717885,Duplicate resulted from our retry logic double-posting the onboarding form; both records share identical PII and a single applicant.,duplicate request,medium,Seattle,2026-06-01T00:20:46.833Z,pending_review,Patrick,1
KYC-1050,Alice Alvarez,1993-10-12,"1871 Mill Creek Rd, St. Louis, MO 52193",777-10-2059,"2820 Maple St, Fort Worth, TX 56319",MO-3069963,ID photo appears digitally altered around the name field; selfie liveness check also failed twice.,identity mismatch,high,St. Louis,2026-07-19T00:20:45.833Z,pending_review,Florence,0
KYC-1051,Corey Alvarez,1996-07-10,"5608 Mill Creek Rd, Minneapolis, MN 86394",871-58-3694,"9238 Sunset Blvd, Boston, MA 14359",MN-2939311,Three unrelated applications in the last month list this same address with different names.,address mismatch,medium,Minneapolis,2026-06-28T00:20:44.833Z,pending_review,Patrick,0
KYC-1052,Ruth Ferreira,1964-04-24,"6957 Ridgeway Ter, St. Louis, MO 63626",682-45-5401,"6957 Ridgeway Ter, St. Louis, MO 63626",MO-6232457,Utility bill PDF metadata shows it was created in an image editor the same day it was uploaded.,document issues,high,St. Louis,2026-05-01T00:20:43.833Z,escalated,Florence,0
KYC-1053,Grant Novak,1994-12-24,"624 Willowbrook Dr, Atlanta, GA 33415",548-85-0689,"624 Willowbrook Dr, Atlanta, GA 33415",GA-7808177,"Exact name, DOB, and nationality match against an OFAC SDN entry; escalation to compliance required.",sanctions watchlist,high,Atlanta,2026-05-05T00:20:42.833Z,pending_review,Florence,0
KYC-1054,Zaina Sokolov,1957-09-27,"1067 Birch Rd, Atlanta, GA 68795",337-49-2474,"1067 Birch Rd, Atlanta, GA 68795",GA-6759055,Duplicate submissions each attach documents belonging to different people.,duplicate request,high,Atlanta,2026-06-02T00:20:41.833Z,docs_requested,Florence,0
KYC-1055,Cole Mbeki,1992-05-08,"5080 Prospect Ave, Columbus, OH 97618",250-25-9070,"833 Ridgeway Ter, Boise, ID 92852",OH-8534746,Applicant could not answer knowledge-based authentication questions tied to their own credit file.,identity mismatch,medium,Columbus,2026-07-25T00:20:40.833Z,pending_review,Daniel,0
KYC-1056,Cole Silva,1958-07-11,"6895 Mill Creek Rd, Cincinnati, OH 90456",636-79-8243,"7094 Harborview Way, San Diego, CA 70819",OH-7588591,Three unrelated applications in the last month list this same address with different names.,address mismatch,high,Cincinnati,2026-05-02T00:20:39.833Z,pending_review,Florence,0
KYC-1057,Sana Ellison,1980-03-13,"7093 Sunset Blvd, New Orleans, LA 66136",875-51-3621,"7093 Sunset Blvd, New Orleans, LA 66136",LA-1509792,Applicant submitted the same document three times with different expiry dates edited in.,document issues,medium,New Orleans,2026-05-12T00:20:38.833Z,pending_review,Florence,0
KYC-1058,Felix Lindqvist,1966-06-05,"1887 Kingston Pl, Philadelphia, PA 13963",264-18-4662,"1887 Kingston Pl, Philadelphia, PA 13963",PA-4859222,Applicant appears on an adverse-media list for wire fraud allegations in two jurisdictions.,sanctions watchlist,high,Philadelphia,2026-04-16T00:20:37.833Z,escalated,Florence,0
KYC-1059,Elena Kowalski,1998-09-10,"9555 Sunset Blvd, Cincinnati, OH 49356",607-91-7414,"9555 Sunset Blvd, Cincinnati, OH 49356",OH-3399324,Two applications submitted minutes apart from different countries by IP.,duplicate request,medium,Cincinnati,2026-03-28T00:20:36.833Z,approved,Florence,0
KYC-1060,Dante Nguyen,1997-03-02,"7220 Maple St, San Diego, CA 86782",153-31-0350,"7220 Maple St, San Diego, CA 86782",CA-4316316,SSN provided belongs to a different date of birth per bureau records and the applicant declined to clarify.,identity mismatch,medium,San Diego,2026-04-11T00:20:35.833Z,reassigned,Patrick,0
KYC-1061,Wesley Barlow,1963-02-15,"3238 Chestnut Ave, San Diego, CA 78818",355-53-1840,"3888 Juniper Ct, Tucson, AZ 10940",CA-6684421,Applicant refused to provide proof of residence and asked whether the requirement could be waived.,address mismatch,medium,San Diego,2026-06-05T00:20:34.833Z,rejected,Patrick,0
KYC-1062,Mira Alvarez,1960-10-26,"3089 Harborview Way, New York, NY 32535",162-15-3738,"3089 Harborview Way, New York, NY 32535",NY-5722217,Applicant submitted the same document three times with different expiry dates edited in.,document issues,high,New York,2026-06-12T00:20:33.833Z,pending_review,Florence,0
KYC-1063,Zaina Dupont,2003-05-09,"9517 Harborview Way, Fresno, CA 30064",270-48-0211,"313 Harborview Way, St. Louis, MO 95515",CA-2281283,Strong match on an EU sanctions list; applicant became evasive when asked about prior employers.,sanctions watchlist,medium,Fresno,2026-04-12T00:20:32.833Z,reassigned,Florence,0
KYC-1064,Nia Ferreira,1983-12-21,"6253 Franklin St, Sacramento, CA 54702",296-34-4311,"6253 Franklin St, Sacramento, CA 54702",CA-5376684,Duplicate record uses the same SSN but a different name and DOB.,duplicate request,medium,Sacramento,2026-05-05T00:20:31.833Z,pending_review,Daniel,0
KYC-1065,Freya Whitaker,1955-05-12,"9228 Maple St, New York, NY 30739",125-73-5458,"9874 Prospect Ave, New York, NY 24593",NY-4449988,Applicant could not answer knowledge-based authentication questions tied to their own credit file.,identity mismatch,medium,New York,2026-05-30T00:20:30.833Z,approved,Florence,0
KYC-1066,Maren Haddad,1968-07-14,"3275 Lakeview Dr, Dallas, TX 19823",286-36-2132,"2879 Franklin St, Indianapolis, IN 77048",TX-2408428,Utility bill address is in a different state and the account holder name does not match the applicant.,address mismatch,medium,Dallas,2026-07-09T00:20:29.833Z,rejected,Daniel,0
KYC-1067,Corey Delgado,1993-11-03,"4462 Kingston Pl, Chicago, IL 17912",354-91-0633,"4462 Kingston Pl, Chicago, IL 17912",IL-4024584,Applicant submitted the same document three times with different expiry dates edited in.,document issues,high,Chicago,2026-06-22T00:20:28.833Z,pending_review,Florence,0
KYC-1068,Ingrid Chandler,1987-07-14,"814 Ridgeway Ter, Salt Lake City, UT 57390",250-93-2579,"814 Ridgeway Ter, Salt Lake City, UT 57390",UT-1632364,Applicant shares an address with a sanctioned entity and lists them as an emergency contact.,sanctions watchlist,medium,Salt Lake City,2026-04-02T00:20:27.833Z,pending_review,Patrick,0
KYC-1069,Maren Dupont,1993-04-15,"5200 Cedar Ln, Philadelphia, PA 97890",733-65-7741,"5200 Cedar Ln, Philadelphia, PA 97890",PA-5056273,Duplicate record uses the same SSN but a different name and DOB.,duplicate request,medium,Philadelphia,2026-06-10T00:20:26.833Z,approved,Daniel,0
KYC-1070,Beatriz Okafor,1990-06-22,"4993 Birch Rd, Richmond, VA 65424",243-87-2365,"6483 Ridgeway Ter, Detroit, MI 89970",VA-7800756,Applicant supplied two different dates of birth across the application and the uploaded ID; no explanation offered.,identity mismatch,high,Richmond,2026-07-26T00:20:25.833Z,pending_review,Florence,0
KYC-1071,Bryce Kaur,1958-08-28,"4395 Juniper Ct, Salt Lake City, UT 51976",683-99-6612,"7426 Franklin St, Cincinnati, OH 92206",UT-2158478,Utility bill address is in a different state and the account holder name does not match the applicant.,address mismatch,medium,Salt Lake City,2026-04-18T00:20:24.833Z,pending_review,Patrick,0
KYC-1072,Maren Sokolov,2002-08-20,"9488 Franklin St, Fort Worth, TX 63252",435-64-5714,"9488 Franklin St, Fort Worth, TX 63252",TX-7011453,Document is a photograph of a screen rather than the original; applicant declined to re-upload.,document issues,high,Fort Worth,2026-07-12T00:20:23.833Z,pending_review,Florence,0
KYC-1073,Mira Novak,1961-11-26,"4585 Chestnut Ave, Baltimore, MD 12067",145-32-8457,"4585 Chestnut Ave, Baltimore, MD 12067",MD-3200725,Strong match on an EU sanctions list; applicant became evasive when asked about prior employers.,sanctions watchlist,high,Baltimore,2026-07-11T00:20:22.833Z,rejected,Florence,0
KYC-1074,Marcus Alvarez,1983-06-10,"231 Birch Rd, San Jose, CA 72525",182-51-3606,"231 Birch Rd, San Jose, CA 72525",CA-8972938,"Fourth application in six weeks, each with slightly different PII; possible synthetic identity testing.",duplicate request,high,San Jose,2026-06-21T00:20:21.833Z,pending_review,Florence,0
KYC-1075,Devon Whitaker,2000-12-15,"4957 Kingston Pl, Minneapolis, MN 73499",556-20-3128,"4957 Kingston Pl, Minneapolis, MN 73499",MN-1345164,ID photo appears digitally altered around the name field; selfie liveness check also failed twice.,identity mismatch,medium,Minneapolis,2026-06-13T00:20:20.833Z,pending_review,Patrick,0
KYC-1076,Sana Ramirez,1984-10-04,"3753 Prospect Ave, Kansas City, MO 19985",540-07-8538,"7817 Birch Rd, Tucson, AZ 39988",MO-3912041,Utility bill address is in a different state and the account holder name does not match the applicant.,address mismatch,high,Kansas City,2026-04-20T00:20:19.833Z,pending_review,Florence,0
KYC-1077,Dante Ramirez,1998-07-19,"2743 Chestnut Ave, Denver, CO 54966",516-50-3551,"2743 Chestnut Ave, Denver, CO 54966",CO-2106079,Applicant submitted the same document three times with different expiry dates edited in.,document issues,high,Denver,2026-06-27T00:20:18.833Z,pending_review,Florence,0
KYC-1078,Ingrid Silva,2003-12-23,"1038 Juniper Ct, Jacksonville, FL 45407",633-15-3830,"1038 Juniper Ct, Jacksonville, FL 45407",FL-1333872,Applicant shares an address with a sanctioned entity and lists them as an emergency contact.,sanctions watchlist,high,Jacksonville,2026-04-21T00:20:17.833Z,rejected,Florence,0
KYC-1079,Levi Dupont,1967-11-22,"9482 Birch Rd, Miami, FL 23522",308-57-3012,"9482 Birch Rd, Miami, FL 23522",FL-8543965,"Fourth application in six weeks, each with slightly different PII; possible synthetic identity testing.",duplicate request,medium,Miami,2026-04-23T00:20:16.833Z,docs_requested,Daniel,0
KYC-1080,Elena Petrov,2002-08-20,"8313 Mill Creek Rd, Albuquerque, NM 86279",352-98-7644,"4847 Franklin St, New York, NY 53884",NM-6611685,ID photo appears digitally altered around the name field; selfie liveness check also failed twice.,identity mismatch,medium,Albuquerque,2026-05-29T00:20:15.833Z,reassigned,Florence,0
KYC-1081,Bryce Kowalski,1959-03-10,"7139 Juniper Ct, Fort Worth, TX 92546",262-60-2898,"6196 Kingston Pl, Baltimore, MD 30841",TX-4148204,Three unrelated applications in the last month list this same address with different names.,address mismatch,high,Fort Worth,2026-04-17T00:20:14.833Z,reassigned,Florence,0
KYC-1082,Corey Castellano,1971-06-15,"3998 Prospect Ave, San Francisco, CA 46318",719-02-7760,"110 Birch Rd, San Diego, CA 79856",CA-7053366,Utility bill PDF metadata shows it was created in an image editor the same day it was uploaded.,document issues,medium,San Francisco,2026-04-27T00:20:13.833Z,pending_review,Florence,0
KYC-1083,Yara Farrow,1973-03-27,"5502 Cedar Ln, Portland, OR 99265",873-91-9134,"5502 Cedar Ln, Portland, OR 99265",OR-2914215,"Exact name, DOB, and nationality match against an OFAC SDN entry; escalation to compliance required.",sanctions watchlist,high,Portland,2026-03-31T00:20:12.833Z,pending_review,Florence,0
KYC-1084,Dante Ellison,1959-09-10,"9194 Juniper Ct, Omaha, NE 65400",664-90-5148,"9194 Juniper Ct, Omaha, NE 65400",NE-2951405,Two applications submitted minutes apart from different countries by IP.,duplicate request,high,Omaha,2026-05-09T00:20:11.833Z,pending_review,Florence,0
KYC-1085,Camila Barlow,1980-06-04,"3132 Willowbrook Dr, Omaha, NE 10872",467-89-3752,"3132 Willowbrook Dr, Omaha, NE 10872",NE-8264728,SSN provided belongs to a different date of birth per bureau records and the applicant declined to clarify.,identity mismatch,high,Omaha,2026-04-14T00:20:10.833Z,reassigned,Florence,0
KYC-1086,Tomas Mbeki,1981-06-11,"8403 Franklin St, Sacramento, CA 85012",171-68-9211,"649 Juniper Ct, San Antonio, TX 52516",CA-2943354,Three unrelated applications in the last month list this same address with different names.,address mismatch,medium,Sacramento,2026-04-26T00:20:09.833Z,docs_requested,Patrick,0
KYC-1087,Diego Barlow,1982-02-02,"9411 Maple St, San Antonio, TX 46091",359-15-4624,"9411 Maple St, San Antonio, TX 46091",TX-6407360,Applicant submitted the same document three times with different expiry dates edited in.,document issues,high,San Antonio,2026-06-22T00:20:08.833Z,pending_review,Florence,0
KYC-1088,Mira Brennan,1979-03-08,"7255 Juniper Ct, Sacramento, CA 99690",237-54-2671,"8262 Oak Ave, Boston, MA 49988",CA-5229695,Applicant appears on an adverse-media list for wire fraud allegations in two jurisdictions.,sanctions watchlist,medium,Sacramento,2026-03-30T00:20:07.833Z,escalated,Daniel,0
KYC-1089,Ingrid Fitzgerald,1964-07-22,"2376 Chestnut Ave, Philadelphia, PA 71248",511-33-6495,"221 Harborview Way, Nashville, TN 46131",PA-1980541,Duplicate submissions each attach documents belonging to different people.,duplicate request,medium,Philadelphia,2026-06-25T00:20:06.833Z,pending_review,Daniel,0
KYC-1090,Grant Ferreira,1958-07-06,"6600 Willowbrook Dr, New York, NY 64946",323-71-1322,"6600 Willowbrook Dr, New York, NY 64946",NY-3513333,Applicant supplied two different dates of birth across the application and the uploaded ID; no explanation offered.,identity mismatch,high,New York,2026-07-11T00:20:05.833Z,pending_review,Florence,0
KYC-1091,Silas Alvarez,1981-06-26,"8196 Birch Rd, San Antonio, TX 44898",647-05-8031,"6667 Maple St, Columbus, OH 54373",TX-7700191,Three unrelated applications in the last month list this same address with different names.,address mismatch,high,San Antonio,2026-06-26T00:20:04.833Z,pending_review,Florence,0
KYC-1092,Jordan Fitzgerald,1988-07-08,"7199 Sunset Blvd, Minneapolis, MN 69419",755-05-2369,"7199 Sunset Blvd, Minneapolis, MN 69419",MN-6626283,Document is a photograph of a screen rather than the original; applicant declined to re-upload.,document issues,high,Minneapolis,2026-05-04T00:20:03.833Z,pending_review,Florence,0
KYC-1093,Rosa Moreau,1965-02-10,"1422 Franklin St, Oklahoma City, OK 69659",628-05-7802,"9148 Cedar Ln, St. Louis, MO 18689",OK-5426394,Applicant shares an address with a sanctioned entity and lists them as an emergency contact.,sanctions watchlist,high,Oklahoma City,2026-03-30T00:20:02.833Z,reassigned,Florence,0
KYC-1094,Isaac Dupont,1979-03-10,"6213 Chestnut Ave, Columbus, OH 46232",142-37-1339,"6213 Chestnut Ave, Columbus, OH 46232",OH-4299338,Two applications submitted minutes apart from different countries by IP.,duplicate request,high,Columbus,2026-05-04T00:20:01.833Z,pending_review,Florence,0
KYC-1095,Devon Osei,1988-11-18,"9371 Juniper Ct, Cincinnati, OH 19544",859-65-0029,"9371 Juniper Ct, Cincinnati, OH 19544",OH-9991539,Applicant could not answer knowledge-based authentication questions tied to their own credit file.,identity mismatch,medium,Cincinnati,2026-05-05T00:20:00.833Z,rejected,Daniel,0
KYC-1096,Levi Dupont,2001-01-09,"7260 Lakeview Dr, Fresno, CA 94215",348-13-0200,"9057 Harborview Way, Richmond, VA 53802",CA-8532854,Utility bill address is in a different state and the account holder name does not match the applicant.,address mismatch,high,Fresno,2026-06-04T00:19:59.833Z,approved,Florence,0
KYC-1097,Maren Ramirez,1993-04-14,"1649 Ridgeway Ter, Philadelphia, PA 55854",734-76-0394,"1649 Ridgeway Ter, Philadelphia, PA 55854",PA-5034472,Uploaded license has inconsistent font kerning and a missing state hologram; likely a fabricated document.,document issues,high,Philadelphia,2026-04-20T00:19:58.833Z,pending_review,Florence,0
KYC-1098,Yara Silva,1990-05-22,"3195 Willowbrook Dr, Phoenix, AZ 71527",898-37-6183,"3195 Willowbrook Dr, Phoenix, AZ 71527",AZ-9925749,"Exact name, DOB, and nationality match against an OFAC SDN entry; escalation to compliance required.",sanctions watchlist,medium,Phoenix,2026-06-09T00:19:57.833Z,pending_review,Daniel,0
KYC-1099,Corey Okafor,1961-10-09,"7057 Mill Creek Rd, Fort Worth, TX 81161",658-90-0082,"7057 Mill Creek Rd, Fort Worth, TX 81161",TX-3664444,Duplicate submissions each attach documents belonging to different people.,duplicate request,medium,Fort Worth,2026-03-29T00:19:56.833Z,rejected,Florence,0
KYC-1100,Nolan Kaur,1966-09-11,"3166 Juniper Ct, Albuquerque, NM 83806",409-26-0608,"3166 Juniper Ct, Albuquerque, NM 83806",NM-5601087,Applicant supplied two different dates of birth across the application and the uploaded ID; no explanation offered.,identity mismatch,high,Albuquerque,2026-04-22T00:19:55.833Z,pending_review,Florence,0
KYC-1101,Silas Alvarez,1966-08-24,"1732 Mill Creek Rd, Atlanta, GA 87417",224-75-4863,"4120 Sunset Blvd, Chicago, IL 10238",GA-5238282,Utility bill address is in a different state and the account holder name does not match the applicant.,address mismatch,medium,Atlanta,2026-05-30T00:19:54.833Z,pending_review,Florence,0
KYC-1102,Hugo Okafor,1982-05-22,"9569 Mill Creek Rd, Tampa, FL 35180",302-65-5432,"9569 Mill Creek Rd, Tampa, FL 35180",FL-4098865,Utility bill PDF metadata shows it was created in an image editor the same day it was uploaded.,document issues,medium,Tampa,2026-05-03T00:19:53.833Z,rejected,Florence,0
KYC-1103,Emeka Nguyen,1956-03-27,"8306 Willowbrook Dr, Albuquerque, NM 84307",700-92-3210,"8306 Willowbrook Dr, Albuquerque, NM 84307",NM-9118736,Applicant appears on an adverse-media list for wire fraud allegations in two jurisdictions.,sanctions watchlist,high,Albuquerque,2026-05-11T00:19:52.833Z,pending_review,Florence,0
KYC-1104,Hana Ramirez,1993-09-20,"7717 Maple St, Memphis, TN 12512",892-12-6806,"7717 Maple St, Memphis, TN 12512",TN-2437387,Two applications submitted minutes apart from different countries by IP.,duplicate request,medium,Memphis,2026-05-09T00:19:51.833Z,pending_review,Daniel,0
KYC-1105,Talia Ramirez,1981-06-13,"4479 Harborview Way, Tucson, AZ 77494",130-18-7662,"4479 Harborview Way, Tucson, AZ 77494",AZ-8104670,ID photo appears digitally altered around the name field; selfie liveness check also failed twice.,identity mismatch,medium,Tucson,2026-06-18T00:19:50.833Z,pending_review,Florence,0
KYC-1106,Talia Alvarez,1968-06-11,"8552 Cedar Ln, Baltimore, MD 28507",362-77-3396,"367 Birch Rd, Cincinnati, OH 52513",MD-7405609,Home address is a known commercial mail-drop; applicant insists it is a residence but provided no lease.,address mismatch,medium,Baltimore,2026-05-13T00:19:49.833Z,escalated,Patrick,0
KYC-1107,Aisha Chandler,1976-12-08,"5730 Maple St, San Francisco, CA 76753",886-45-4270,"2586 Ridgeway Ter, Richmond, VA 35975",CA-2421723,Applicant submitted the same document three times with different expiry dates edited in.,document issues,high,San Francisco,2026-05-22T00:19:48.833Z,escalated,Florence,0
KYC-1108,Levi Nguyen,1969-05-16,"7353 Chestnut Ave, Des Moines, IA 60968",664-38-9143,"7353 Chestnut Ave, Des Moines, IA 60968",IA-9982870,"Exact name, DOB, and nationality match against an OFAC SDN entry; escalation to compliance required.",sanctions watchlist,medium,Des Moines,2026-04-22T00:19:47.833Z,pending_review,Patrick,0
KYC-1109,Rashid Farrow,1978-10-23,"3925 Sunset Blvd, Los Angeles, CA 91792",722-40-7939,"3925 Sunset Blvd, Los Angeles, CA 91792",CA-3397955,Duplicate submissions each attach documents belonging to different people.,duplicate request,medium,Los Angeles,2026-05-11T00:19:46.833Z,reassigned,Florence,0
KYC-1110,Nia Alvarez,1956-04-23,"8486 Willowbrook Dr, Miami, FL 61986",809-12-5315,"8486 Willowbrook Dr, Miami, FL 61986",FL-8896673,SSN provided belongs to a different date of birth per bureau records and the applicant declined to clarify.,identity mismatch,medium,Miami,2026-05-22T00:19:45.833Z,pending_review,Daniel,0
KYC-1111,Noor Osei,1955-06-07,"3410 Sunset Blvd, Boston, MA 57939",163-47-2410,"9601 Mill Creek Rd, Milwaukee, WI 28556",MA-2678050,Applicant refused to provide proof of residence and asked whether the requirement could be waived.,address mismatch,medium,Boston,2026-06-17T00:19:44.833Z,escalated,Daniel,0
KYC-1112,Owen Sokolov,1987-07-23,"6144 Juniper Ct, Sacramento, CA 31295",610-36-7422,"6144 Juniper Ct, Sacramento, CA 31295",CA-7234361,Applicant submitted the same document three times with different expiry dates edited in.,document issues,high,Sacramento,2026-04-23T00:19:43.833Z,pending_review,Florence,0
KYC-1113,Priya Castellano,1970-09-16,"3801 Maple St, Philadelphia, PA 55643",362-42-1815,"3801 Maple St, Philadelphia, PA 55643",PA-9610431,Strong match on an EU sanctions list; applicant became evasive when asked about prior employers.,sanctions watchlist,medium,Philadelphia,2026-07-07T00:19:42.833Z,pending_review,Patrick,0
KYC-1114,Aisha Haddad,1982-09-27,"6747 Prospect Ave, Kansas City, MO 89538",160-15-0483,"6747 Prospect Ave, Kansas City, MO 89538",MO-4702522,Duplicate record uses the same SSN but a different name and DOB.,duplicate request,medium,Kansas City,2026-04-15T00:19:41.833Z,escalated,Florence,0
KYC-1115,Jordan Ellison,1976-06-09,"3177 Oak Ave, New Orleans, LA 87101",629-53-9761,"3177 Oak Ave, New Orleans, LA 87101",LA-9303292,ID photo appears digitally altered around the name field; selfie liveness check also failed twice.,identity mismatch,medium,New Orleans,2026-05-30T00:19:40.833Z,pending_review,Florence,0
KYC-1116,Mira Barlow,1969-02-06,"3454 Willowbrook Dr, Atlanta, GA 10320",503-42-6031,"8347 Franklin St, San Diego, CA 60770",GA-1048125,Home address is a known commercial mail-drop; applicant insists it is a residence but provided no lease.,address mismatch,medium,Atlanta,2026-06-01T00:19:39.833Z,pending_review,Florence,0
KYC-1117,Levi Chandler,1974-01-26,"4096 Sunset Blvd, Tucson, AZ 82805",222-54-6036,"4096 Sunset Blvd, Tucson, AZ 82805",AZ-9729102,Applicant submitted the same document three times with different expiry dates edited in.,document issues,high,Tucson,2026-05-21T00:19:38.833Z,rejected,Florence,0
KYC-1118,Felix Mbeki,1995-06-23,"4316 Mill Creek Rd, St. Louis, MO 24836",730-04-0838,"4316 Mill Creek Rd, St. Louis, MO 24836",MO-2353909,Applicant appears on an adverse-media list for wire fraud allegations in two jurisdictions.,sanctions watchlist,medium,St. Louis,2026-04-24T00:19:37.833Z,approved,Florence,0
KYC-1119,Devon Barlow,1996-06-06,"6567 Prospect Ave, Oklahoma City, OK 70758",655-15-3302,"6567 Prospect Ave, Oklahoma City, OK 70758",OK-1811635,Duplicate record uses the same SSN but a different name and DOB.,duplicate request,medium,Oklahoma City,2026-04-22T00:19:36.833Z,pending_review,Daniel,0
KYC-1120,Jordan Lindqvist,1961-08-08,"4454 Kingston Pl, New York, NY 98055",602-60-5143,"4454 Kingston Pl, New York, NY 98055",NY-3182904,SSN provided belongs to a different date of birth per bureau records and the applicant declined to clarify.,identity mismatch,medium,New York,2026-04-23T00:19:35.833Z,escalated,Florence,0
KYC-1121,Zaina Castellano,1975-04-14,"3048 Oak Ave, Indianapolis, IN 93081",267-69-7232,"1827 Franklin St, Baltimore, MD 44420",IN-6786184,Home address is a known commercial mail-drop; applicant insists it is a residence but provided no lease.,address mismatch,medium,Indianapolis,2026-07-21T00:19:34.833Z,docs_requested,Patrick,0
KYC-1122,Hana Okafor,1963-09-27,"5106 Oak Ave, Boise, ID 22516",382-91-2369,"5106 Oak Ave, Boise, ID 22516",ID-8410405,Applicant submitted the same document three times with different expiry dates edited in.,document issues,medium,Boise,2026-05-30T00:19:33.833Z,pending_review,Patrick,0
KYC-1123,Jordan Moreau,1984-06-17,"5934 Harborview Way, San Jose, CA 24248",789-76-8980,"3541 Sunset Blvd, Charlotte, NC 61172",CA-4819833,Strong match on an EU sanctions list; applicant became evasive when asked about prior employers.,sanctions watchlist,high,San Jose,2026-05-06T00:19:32.833Z,pending_review,Florence,0
KYC-1124,Priya Chandler,1986-06-26,"8052 Birch Rd, San Diego, CA 65955",551-22-2483,"8052 Birch Rd, San Diego, CA 65955",CA-6568709,Two applications submitted minutes apart from different countries by IP.,duplicate request,high,San Diego,2026-05-11T00:19:31.833Z,pending_review,Florence,0
KYC-1125,Camila Ramirez,1983-03-07,"4795 Mill Creek Rd, Kansas City, MO 16391",203-18-8133,"5213 Chestnut Ave, Miami, FL 79464",MO-4198314,ID photo appears digitally altered around the name field; selfie liveness check also failed twice.,identity mismatch,high,Kansas City,2026-06-01T00:19:30.833Z,reassigned,Florence,0
KYC-1126,Zaina Petrov,1987-11-18,"4488 Franklin St, Columbus, OH 35769",795-30-9769,"2379 Juniper Ct, Fresno, CA 69268",OH-2814655,Applicant refused to provide proof of residence and asked whether the requirement could be waived.,address mismatch,high,Columbus,2026-07-25T00:19:29.833Z,docs_requested,Florence,0
KYC-1127,Aisha Brennan,1961-08-13,"9430 Sunset Blvd, Oklahoma City, OK 62197",299-97-6620,"9430 Sunset Blvd, Oklahoma City, OK 62197",OK-5127031,Document is a photograph of a screen rather than the original; applicant declined to re-upload.,document issues,medium,Oklahoma City,2026-05-07T00:19:28.833Z,pending_review,Daniel,0
KYC-1128,Aisha Alvarez,1988-12-16,"6883 Chestnut Ave, Dallas, TX 23832",204-63-0888,"6810 Franklin St, Denver, CO 49290",TX-2846116,"Exact name, DOB, and nationality match against an OFAC SDN entry; escalation to compliance required.",sanctions watchlist,high,Dallas,2026-04-26T00:19:27.833Z,pending_review,Florence,0
KYC-1129,Dante Nakamura,1960-05-01,"6674 Kingston Pl, Detroit, MI 81252",820-91-3599,"6674 Kingston Pl, Detroit, MI 81252",MI-1453651,"Fourth application in six weeks, each with slightly different PII; possible synthetic identity testing.",duplicate request,medium,Detroit,2026-06-09T00:19:26.833Z,pending_review,Daniel,0
KYC-1130,Talia Sokolov,1958-02-11,"2197 Chestnut Ave, Charlotte, NC 88259",522-47-3285,"2197 Chestnut Ave, Charlotte, NC 88259",NC-9722234,SSN provided belongs to a different date of birth per bureau records and the applicant declined to clarify.,identity mismatch,medium,Charlotte,2026-06-10T00:19:25.833Z,pending_review,Daniel,0
KYC-1131,Freya Yamada,1967-10-26,"3020 Juniper Ct, Boise, ID 14960",849-11-8267,"5519 Ridgeway Ter, Charlotte, NC 12940",ID-7734702,Utility bill address is in a different state and the account holder name does not match the applicant.,address mismatch,high,Boise,2026-06-18T00:19:24.833Z,pending_review,Florence,0
KYC-1132,Aisha Ramirez,1980-08-14,"8334 Ridgeway Ter, Boise, ID 64023",635-54-8920,"8334 Ridgeway Ter, Boise, ID 64023",ID-6296663,Document is a photograph of a screen rather than the original; applicant declined to re-upload.,document issues,medium,Boise,2026-07-05T00:19:23.833Z,pending_review,Daniel,0
KYC-1133,Diego Haddad,1991-11-15,"9598 Oak Ave, Milwaukee, WI 10089",742-13-9694,"9598 Oak Ave, Milwaukee, WI 10089",WI-8514922,Applicant shares an address with a sanctioned entity and lists them as an emergency contact.,sanctions watchlist,medium,Milwaukee,2026-05-04T00:19:22.833Z,approved,Daniel,0
KYC-1134,Owen Whitaker,1983-11-24,"8409 Lakeview Dr, Indianapolis, IN 39950",650-63-5509,"8409 Lakeview Dr, Indianapolis, IN 39950",IN-3486377,"Fourth application in six weeks, each with slightly different PII; possible synthetic identity testing.",duplicate request,high,Indianapolis,2026-06-26T00:19:21.833Z,pending_review,Florence,0
KYC-1135,Bryce Kowalski,2000-07-16,"3076 Lakeview Dr, Tampa, FL 96347",432-29-1654,"3076 Lakeview Dr, Tampa, FL 96347",FL-9537310,SSN provided belongs to a different date of birth per bureau records and the applicant declined to clarify.,identity mismatch,high,Tampa,2026-05-26T00:19:20.833Z,pending_review,Florence,0
KYC-1136,Devon Mbeki,1988-12-03,"3828 Prospect Ave, New Orleans, LA 21836",752-64-0213,"7011 Harborview Way, Kansas City, MO 44029",LA-3963200,Applicant refused to provide proof of residence and asked whether the requirement could be waived.,address mismatch,high,New Orleans,2026-06-05T00:19:19.833Z,pending_review,Florence,0
KYC-1137,Dante Moreau,1980-05-04,"9899 Birch Rd, Pittsburgh, PA 21776",354-53-3145,"5223 Juniper Ct, Denver, CO 26192",PA-6323790,Utility bill PDF metadata shows it was created in an image editor the same day it was uploaded.,document issues,high,Pittsburgh,2026-07-18T00:19:18.833Z,pending_review,Florence,0
KYC-1138,Zaina Sokolov,1972-07-26,"4386 Cedar Ln, Tucson, AZ 21764",527-06-1929,"4386 Cedar Ln, Tucson, AZ 21764",AZ-1633474,"Exact name, DOB, and nationality match against an OFAC SDN entry; escalation to compliance required.",sanctions watchlist,high,Tucson,2026-06-19T00:19:17.833Z,reassigned,Florence,0
KYC-1139,Ruth Silva,1959-09-04,"598 Harborview Way, Louisville, KY 71352",380-28-0199,"598 Harborview Way, Louisville, KY 71352",KY-6112383,"Fourth application in six weeks, each with slightly different PII; possible synthetic identity testing.",duplicate request,high,Louisville,2026-04-19T00:19:16.833Z,pending_review,Florence,0
KYC-1140,Mira Whitaker,1973-10-18,"8599 Harborview Way, Charlotte, NC 17401",756-72-6615,"8599 Harborview Way, Charlotte, NC 17401",NC-9961689,Applicant supplied two different dates of birth across the application and the uploaded ID; no explanation offered.,identity mismatch,high,Charlotte,2026-04-16T00:19:15.833Z,escalated,Florence,0
KYC-1141,Freya Moreau,1959-04-12,"1052 Chestnut Ave, Richmond, VA 71821",798-47-3761,"28 Ridgeway Ter, Baltimore, MD 81737",VA-3555636,Utility bill address is in a different state and the account holder name does not match the applicant.,address mismatch,high,Richmond,2026-07-23T00:19:14.833Z,docs_requested,Florence,0
KYC-1142,Lucia Fitzgerald,1980-09-13,"6598 Cedar Ln, Detroit, MI 56399",834-54-0668,"6598 Cedar Ln, Detroit, MI 56399",MI-6688279,Applicant submitted the same document three times with different expiry dates edited in.,document issues,high,Detroit,2026-05-04T00:19:13.833Z,pending_review,Florence,0
KYC-1143,Lucia Nguyen,1962-01-18,"6879 Birch Rd, Fresno, CA 32428",120-44-4053,"6879 Birch Rd, Fresno, CA 32428",CA-7334285,Strong match on an EU sanctions list; applicant became evasive when asked about prior employers.,sanctions watchlist,medium,Fresno,2026-04-30T00:19:12.833Z,pending_review,Daniel,0
KYC-1144,Beatriz Okafor,1996-08-24,"1826 Maple St, Fort Worth, TX 29829",496-88-3646,"4583 Harborview Way, Seattle, WA 61296",TX-4553867,Duplicate submissions each attach documents belonging to different people.,duplicate request,medium,Fort Worth,2026-06-05T00:19:11.833Z,pending_review,Florence,0
KYC-1145,Aisha Kowalski,1989-11-12,"4990 Prospect Ave, Pittsburgh, PA 36514",598-81-3465,"4990 Prospect Ave, Pittsburgh, PA 36514",PA-8348920,ID photo appears digitally altered around the name field; selfie liveness check also failed twice.,identity mismatch,high,Pittsburgh,2026-06-17T00:19:10.833Z,pending_review,Florence,0
KYC-1146,Sana Haddad,1992-04-10,"1951 Mill Creek Rd, Chicago, IL 99463",127-85-6099,"236 Birch Rd, San Antonio, TX 70998",IL-8012934,Utility bill address is in a different state and the account holder name does not match the applicant.,address mismatch,medium,Chicago,2026-04-29T00:19:09.833Z,pending_review,Daniel,0
KYC-1147,Maren Brennan,2001-04-12,"8522 Mill Creek Rd, Albuquerque, NM 50381",468-10-4883,"952 Franklin St, Baltimore, MD 50096",NM-7825635,Uploaded license has inconsistent font kerning and a missing state hologram; likely a fabricated document.,document issues,high,Albuquerque,2026-04-09T00:19:08.833Z,pending_review,Florence,0
KYC-1148,Zaina Farrow,1972-10-13,"8071 Cedar Ln, Pittsburgh, PA 83766",309-30-1352,"8071 Cedar Ln, Pittsburgh, PA 83766",PA-3132960,Applicant appears on an adverse-media list for wire fraud allegations in two jurisdictions.,sanctions watchlist,high,Pittsburgh,2026-06-16T00:19:07.833Z,pending_review,Florence,0
KYC-1149,Tomas Nguyen,1963-08-09,"7481 Sunset Blvd, San Diego, CA 21071",722-16-2621,"7481 Sunset Blvd, San Diego, CA 21071",CA-4569696,Two applications submitted minutes apart from different countries by IP.,duplicate request,medium,San Diego,2026-04-02T00:19:06.833Z,reassigned,Daniel,0
KYC-1150,Owen Ferreira,1993-10-25,"6775 Harborview Way, Atlanta, GA 62559",674-39-5104,"6775 Harborview Way, Atlanta, GA 62559",GA-3183941,Applicant supplied two different dates of birth across the application and the uploaded ID; no explanation offered.,identity mismatch,medium,Atlanta,2026-05-18T00:19:05.833Z,pending_review,Daniel,0
KYC-1151,Camila Brennan,1996-08-07,"4006 Juniper Ct, Pittsburgh, PA 81764",248-76-6914,"6506 Cedar Ln, Indianapolis, IN 61386",PA-2242692,Utility bill address is in a different state and the account holder name does not match the applicant.,address mismatch,medium,Pittsburgh,2026-07-18T00:19:04.833Z,pending_review,Florence,0
KYC-1152,Cole Delgado,1986-02-25,"8776 Chestnut Ave, Chicago, IL 42430",790-88-9657,"8776 Chestnut Ave, Chicago, IL 42430",IL-1129645,Uploaded license has inconsistent font kerning and a missing state hologram; likely a fabricated document.,document issues,high,Chicago,2026-04-18T00:19:03.833Z,approved,Florence,0
KYC-1153,Levi Farrow,1993-10-25,"1807 Franklin St, Memphis, TN 84062",736-18-4757,"1807 Franklin St, Memphis, TN 84062",TN-4608279,Applicant shares an address with a sanctioned entity and lists them as an emergency contact.,sanctions watchlist,medium,Memphis,2026-06-08T00:19:02.833Z,reassigned,Patrick,0
KYC-1154,Talia Ellison,1980-06-26,"9298 Maple St, Baltimore, MD 50900",241-66-9080,"9298 Maple St, Baltimore, MD 50900",MD-8848372,Duplicate submissions each attach documents belonging to different people.,duplicate request,medium,Baltimore,2026-06-23T00:19:01.833Z,pending_review,Patrick,0
KYC-1155,Nolan Ellison,1955-11-28,"9757 Kingston Pl, San Antonio, TX 11185",843-46-4610,"1184 Maple St, Kansas City, MO 84225",TX-7498870,Applicant could not answer knowledge-based authentication questions tied to their own credit file.,identity mismatch,medium,San Antonio,2026-07-07T00:19:00.833Z,pending_review,Florence,0
KYC-1156,Yara Yamada,1994-01-23,"4442 Juniper Ct, Sacramento, CA 30246",809-14-3687,"5353 Maple St, Fresno, CA 30351",CA-3145711,Three unrelated applications in the last month list this same address with different names.,address mismatch,high,Sacramento,2026-06-05T00:18:59.833Z,approved,Florence,0
KYC-1157,Lucia Ferreira,1985-01-13,"1003 Franklin St, Miami, FL 47000",882-67-7233,"1003 Franklin St, Miami, FL 47000",FL-3571036,Applicant submitted the same document three times with different expiry dates edited in.,document issues,high,Miami,2026-04-25T00:18:58.833Z,docs_requested,Florence,0
KYC-1158,Tomas Okafor,1976-01-02,"2289 Chestnut Ave, San Antonio, TX 65894",807-13-3070,"2289 Chestnut Ave, San Antonio, TX 65894",TX-4451537,Applicant shares an address with a sanctioned entity and lists them as an emergency contact.,sanctions watchlist,medium,San Antonio,2026-05-01T00:18:57.833Z,approved,Patrick,0
KYC-1159,Nolan Ellison,1964-04-23,"3995 Juniper Ct, Tampa, FL 63003",176-98-1944,"9178 Chestnut Ave, San Diego, CA 77864",FL-5160173,Duplicate submissions each attach documents belonging to different people.,duplicate request,medium,Tampa,2026-06-24T00:18:56.833Z,pending_review,Daniel,0
KYC-1160,Nia Novak,2002-12-16,"2013 Franklin St, Albuquerque, NM 72668",227-16-4289,"6128 Ridgeway Ter, Phoenix, AZ 56082",NM-7642149,Applicant supplied two different dates of birth across the application and the uploaded ID; no explanation offered.,identity mismatch,high,Albuquerque,2026-06-05T00:18:55.833Z,pending_review,Florence,0
KYC-1161,Wesley Okafor,1995-04-23,"7908 Maple St, Mesa, AZ 68730",485-30-5411,"3631 Mill Creek Rd, Louisville, KY 93892",AZ-7668140,Utility bill address is in a different state and the account holder name does not match the applicant.,address mismatch,medium,Mesa,2026-06-15T00:18:54.833Z,approved,Florence,0
KYC-1162,Elena Novak,1966-06-13,"7095 Oak Ave, New York, NY 90205",385-57-6925,"7095 Oak Ave, New York, NY 90205",NY-1752294,Uploaded license has inconsistent font kerning and a missing state hologram; likely a fabricated document.,document issues,high,New York,2026-05-09T00:18:53.833Z,pending_review,Florence,0
KYC-1163,Freya Haddad,1956-02-19,"134 Mill Creek Rd, Philadelphia, PA 36454",707-49-8480,"134 Mill Creek Rd, Philadelphia, PA 36454",PA-2747042,Strong match on an EU sanctions list; applicant became evasive when asked about prior employers.,sanctions watchlist,high,Philadelphia,2026-06-15T00:18:52.833Z,pending_review,Florence,0
KYC-1164,Camila Castellano,2001-03-20,"2442 Maple St, Baltimore, MD 33481",557-21-1882,"2442 Maple St, Baltimore, MD 33481",MD-9655095,Two applications submitted minutes apart from different countries by IP.,duplicate request,medium,Baltimore,2026-07-01T00:18:51.833Z,pending_review,Florence,0
